"chromosome","genes","type","all","up","down","majority"
"chr12","IRAK3","down",6,5,1,"FALSE"
"chr12","GRIP1","up",6,5,1,"TRUE"
"chr12","LEMD3","up",6,5,1,"TRUE"
"chr12","LLPH","up",6,5,1,"TRUE"
"chr12","HMGA2","up",6,5,1,"TRUE"
"chr12","GNS","up",6,5,1,"TRUE"
"chr22","RAC2","down",43,25,18,"FALSE"
"chr22","JOSD1","up",43,25,18,"TRUE"
"chr22","PICK1","up",43,25,18,"TRUE"
"chr22","CARD10","down",43,25,18,"FALSE"
"chr22","APOBEC3G","down",43,25,18,"FALSE"
"chr22","DDX17","up",43,25,18,"TRUE"
"chr22","NOL12","up",43,25,18,"TRUE"
"chr22","SGSM3","up",43,25,18,"TRUE"
"chr22","CBX7","down",43,25,18,"FALSE"
"chr22","ADSL","up",43,25,18,"TRUE"
"chr22","LGALS2","down",43,25,18,"FALSE"
"chr22","TRIOBP","down",43,25,18,"FALSE"
"chr22","CDC42EP1","down",43,25,18,"FALSE"
"chr22","EIF3L","up",43,25,18,"TRUE"
"chr22","MFNG","down",43,25,18,"FALSE"
"chr22","MICALL1","up",43,25,18,"TRUE"
"chr22","POLR2F","up",43,25,18,"TRUE"
"chr22","CYTH4","down",43,25,18,"FALSE"
"chr22","GALR3","down",43,25,18,"FALSE"
"chr22","DNAL4","up",43,25,18,"TRUE"
"chr22","SLC16A8","down",43,25,18,"FALSE"
"chr22","DMC1","down",43,25,18,"FALSE"
"chr22","GRAP2","down",43,25,18,"FALSE"
"chr22","CSNK1E","up",43,25,18,"TRUE"
"chr22","H1F0","down",43,25,18,"FALSE"
"chr22","APOBEC3F","up",43,25,18,"TRUE"
"chr22","RPL3","up",43,25,18,"TRUE"
"chr22","ATF4","up",43,25,18,"TRUE"
"chr22","MGAT3","up",43,25,18,"TRUE"
"chr22","TAB1","up",43,25,18,"TRUE"
"chr22","APOBEC3C","up",43,25,18,"TRUE"
"chr22","MKL1","down",43,25,18,"FALSE"
"chr22","NPTXR","up",43,25,18,"TRUE"
"chr22","TMEM184B","down",43,25,18,"FALSE"
"chr22","TOMM22","up",43,25,18,"TRUE"
"chr22","KDELR3","up",43,25,18,"TRUE"
"chr22","SOX10","down",43,25,18,"FALSE"
"chr22","SMCR7L","up",43,25,18,"TRUE"
"chr22","GTPBP1","down",43,25,18,"FALSE"
"chr22","LGALS1","up",43,25,18,"TRUE"
"chr22","TNRC6B","up",43,25,18,"TRUE"
"chr22","SYNGR1","up",43,25,18,"TRUE"
"chr22","PLA2G6","up",43,25,18,"TRUE"
"chr11","RPLP2","down",33,16,17,"TRUE"
"chr11","CDHR5","down",33,16,17,"TRUE"
"chr11","BET1L","up",33,16,17,"FALSE"
"chr11","INS","down",33,16,17,"TRUE"
"chr11","POLR2L","up",33,16,17,"FALSE"
"chr11","SIRT3","up",33,16,17,"FALSE"
"chr11","TNNI2","down",33,16,17,"TRUE"
"chr11","CD81","up",33,16,17,"FALSE"
"chr11","CEND1","up",33,16,17,"FALSE"
"chr11","RASSF7","down",33,16,17,"TRUE"
"chr11","HRAS","up",33,16,17,"FALSE"
"chr11","C11orf21","down",33,16,17,"TRUE"
"chr11","ASCL2","up",33,16,17,"FALSE"
"chr11","PKP3","down",33,16,17,"TRUE"
"chr11","PSMD13","up",33,16,17,"FALSE"
"chr11","TH","up",33,16,17,"FALSE"
"chr11","DEAF1","up",33,16,17,"FALSE"
"chr11","IGF2-AS","up",33,16,17,"FALSE"
"chr11","SLC25A22","down",33,16,17,"TRUE"
"chr11","TSSC4","up",33,16,17,"FALSE"
"chr11","IRF7","down",33,16,17,"TRUE"
"chr11","DRD4","down",33,16,17,"TRUE"
"chr11","EPS8L2","down",33,16,17,"TRUE"
"chr11","SIGIRR","down",33,16,17,"TRUE"
"chr11","ATHL1","down",33,16,17,"TRUE"
"chr11","RNH1","down",33,16,17,"TRUE"
"chr11","TALDO1","up",33,16,17,"FALSE"
"chr11","TMEM80","down",33,16,17,"TRUE"
"chr11","IFITM3","up",33,16,17,"FALSE"
"chr11","CTSD","up",33,16,17,"FALSE"
"chr11","MRPL23","up",33,16,17,"FALSE"
"chr11","PNPLA2","down",33,16,17,"TRUE"
"chr11","SCT","down",33,16,17,"TRUE"
"chr17","AATK","down",48,24,24,"Equal"
"chr17","BIRC5","up",48,24,24,"Equal"
"chr17","DUS1L","up",48,24,24,"Equal"
"chr17","NPTX1","up",48,24,24,"Equal"
"chr17","EIF4A3","up",48,24,24,"Equal"
"chr17","ARHGDIA","down",48,24,24,"Equal"
"chr17","ENGASE","up",48,24,24,"Equal"
"chr17","ASPSCR1","up",48,24,24,"Equal"
"chr17","FN3K","down",48,24,24,"Equal"
"chr17","FN3KRP","up",48,24,24,"Equal"
"chr17","AZI1","down",48,24,24,"Equal"
"chr17","BAHCC1","down",48,24,24,"Equal"
"chr17","BAIAP2","down",48,24,24,"Equal"
"chr17","PYCR1","up",48,24,24,"Equal"
"chr17","SIRT7","down",48,24,24,"Equal"
"chr17","GCGR","up",48,24,24,"Equal"
"chr17","C17orf101","down",48,24,24,"Equal"
"chr17","C1QTNF1","down",48,24,24,"Equal"
"chr17","CANT1","up",48,24,24,"Equal"
"chr17","RFNG","up",48,24,24,"Equal"
"chr17","CARD14","down",48,24,24,"Equal"
"chr17","CBX2","up",48,24,24,"Equal"
"chr17","DCXR","down",48,24,24,"Equal"
"chr17","CCDC57","up",48,24,24,"Equal"
"chr17","CD7","down",48,24,24,"Equal"
"chr17","TBCD","up",48,24,24,"Equal"
"chr17","DNAH17","down",48,24,24,"Equal"
"chr17","TMC6","down",48,24,24,"Equal"
"chr17","ZNF750","down",48,24,24,"Equal"
"chr17","CHMP6","up",48,24,24,"Equal"
"chr17","CSNK1D","up",48,24,24,"Equal"
"chr17","SLC38A10","down",48,24,24,"Equal"
"chr17","MRPL12","up",48,24,24,"Equal"
"chr17","CYTH1","down",48,24,24,"Equal"
"chr17","MAFG","up",48,24,24,"Equal"
"chr17","WDR45L","up",48,24,24,"Equal"
"chr17","SLC25A10","down",48,24,24,"Equal"
"chr17","FOXK2","down",48,24,24,"Equal"
"chr17","FSCN2","up",48,24,24,"Equal"
"chr17","GAA","down",48,24,24,"Equal"
"chr17","HGS","down",48,24,24,"Equal"
"chr17","SOCS3","down",48,24,24,"Equal"
"chr17","NPLOC4","up",48,24,24,"Equal"
"chr17","RAC3","up",48,24,24,"Equal"
"chr17","PDE6G","down",48,24,24,"Equal"
"chr17","FASN","up",48,24,24,"Equal"
"chr17","SECTM1","down",48,24,24,"Equal"
"chr17","RAB40B","up",48,24,24,"Equal"
